date,pm10,pm25,so2,co,o3,no2,hc,ispu_pm10,ispu_pm25,ispu_so2,ispu_co,ispu_o3,ispu_no2,ispu_hc
2024-01-01,20.46,17.44,,871.0,135.4,,14.33,19.0,48.8,0.0,11.0,56.4,,0.7
2024-01-02,17.27,14.6,,881.0,133.19,,17.75,18.1,49.2,0.0,11.0,56.2,,1.8
2024-01-03,13.33,10.67,,716.0,136.67,,,17.0,47.0,0.0,11.0,56.0,,2.0
2024-01-04,,,,,,,,,,,,,,
2024-01-05,,,,,,,,,,,,,,
2024-01-06,,,,,,,,,,,,,,
2024-01-07,,,,,,,,,,,,,,
2024-01-08,,,,,,,,,,,,,,
2024-01-09,,,,,,,,,,,,,,
2024-01-10,,,,,,,,,,,,,,
2024-01-11,,,,,,,,,,,,,,
2024-01-12,,,,,,,,,,,,,,
2024-01-13,,,,,,,,,,,,,,
2024-01-14,,,,,,,,,,,,,,
2024-01-15,,,,,,,,,,,,,,
2024-01-16,,,,,,,,,,,,,,
2024-01-17,,,,,,,,,,,,,,
2024-01-18,,,,,,,,,,,,,,
2024-01-19,,,,,,,,,,,,,,
2024-01-20,,,,,,,,,,,,,,
2024-01-21,,,,,,,,,,,,,,
2024-01-22,,,,,,,,,,,,,,
2024-01-23,19.73,16.33,,496.0,1.0,,,2.6,7.0,0.0,0.4,0.0,0.0,0.0
2024-01-24,12.0,9.62,,461.0,1.0,,,10.3,27.0,0.0,3.1,0.0,,0.0
2024-01-25,,,,,,,,,,,,,,
2024-01-26,,,,,,,,,,,,,,
2024-01-27,,,,,,,,,,,,,,
2024-01-28,,,,,,,,,,,,,,
2024-01-29,,,,,,,,,,,,,,
2024-01-30,,,,,,,,0.0,0.0,0.0,0.0,0.0,0.0,0.0
2024-01-31,22.67,18.81,51.0,972.0,77.15,36.19,25.15,0.0,0.0,0.0,0.0,0.0,,0.0
2024-02-01,16.71,13.63,42.85,356.0,56.5,21.35,8.12,21.5,52.6,48.1,9.5,27.2,17.4,5.5
2024-02-02,16.5,13.21,44.1,515.0,53.92,21.33,23.43,13.3,34.7,39.5,3.8,22.8,13.3,6.6
2024-02-03,15.63,12.69,44.0,404.0,55.88,20.98,39.11,19.7,49.7,43.9,6.4,23.5,13.4,32.5
2024-02-04,10.33,4.5,38.75,215.0,45.1,17.81,33.75,10.8,25.6,38.9,3.1,21.0,12.0,17.7
2024-02-05,9.15,2.0,42.81,421.0,44.04,16.58,22.06,9.8,8.0,39.2,4.0,17.8,10.1,9.3
2024-02-06,18.0,9.35,36.65,392.0,70.75,48.7,26.15,13.5,11.9,38.2,4.5,23.0,17.3,18.6
2024-02-07,15.43,12.43,33.55,443.0,86.36,63.23,,18.6,44.6,34.0,5.4,33.5,38.2,4.7
2024-02-08,29.0,24.13,43.6,635.0,91.56,62.56,,20.9,52.5,36.8,6.9,36.9,37.9,0.0
2024-02-09,21.96,22.0,42.44,512.0,93.83,74.31,,30.5,58.3,43.0,8.0,40.0,45.0,0.0
2024-02-10,6.0,22.0,38.42,319.0,95.17,73.25,,8.8,58.0,36.2,3.0,38.7,46.5,0.0
2024-02-11,6.0,22.0,38.79,367.0,93.73,66.56,,6.0,58.0,38.7,4.9,39.4,44.0,0.0
2024-02-12,11.69,18.1,39.4,301.0,94.17,63.79,,7.0,56.4,36.9,3.3,39.0,39.2,0.0
2024-02-13,24.65,20.56,41.83,462.0,102.02,80.4,,21.6,55.7,39.5,5.3,40.7,45.0,0.0
2024-02-14,38.56,20.21,39.67,322.0,105.42,88.35,,29.5,56.4,38.4,4.6,44.0,53.6,0.0
2024-02-15,40.0,16.69,42.31,439.0,108.0,94.23,,40.0,51.0,40.0,5.1,43.3,53.3,0.0
2024-02-16,30.04,21.27,39.17,414.0,116.42,100.56,30.5,36.0,54.5,38.8,5.2,46.9,57.8,2.1
2024-02-17,23.92,18.75,42.02,481.0,112.63,105.73,41.29,28.6,59.2,39.5,6.2,48.4,60.1,12.3
2024-02-18,23.0,9.79,36.77,269.0,101.48,77.1,36.18,20.9,34.0,37.3,3.7,44.3,54.3,24.0
2024-02-19,23.0,20.19,42.17,538.0,107.27,98.15,59.68,23.0,48.8,36.5,4.2,43.3,52.8,38.2
2024-02-20,23.0,5.0,40.4,526.0,108.42,86.73,43.0,23.0,38.8,39.3,6.0,44.2,54.9,48.5
2024-02-21,20.45,8.81,38.38,321.0,108.96,101.34,36.67,22.2,17.8,40.1,6.5,45.7,54.8,37.0
2024-02-22,19.23,15.38,33.6,196.0,111.81,93.48,37.77,19.6,43.6,33.8,2.5,46.4,60.6,39.5
2024-02-23,23.44,19.21,35.63,331.0,114.0,87.9,28.79,22.5,53.3,33.5,3.4,47.5,54.0,24.3
2024-02-24,23.69,18.92,41.33,631.0,117.44,103.44,28.76,22.5,53.1,33.7,4.0,48.1,55.9,32.0
2024-02-25,25.4,20.56,42.52,499.0,106.69,78.27,45.84,26.4,57.5,45.1,9.9,46.9,54.5,
2024-02-26,23.15,18.73,38.58,437.0,103.96,69.79,42.48,21.5,51.5,37.1,4.9,42.8,43.5,45.0
2024-02-27,28.55,24.15,47.9,769.0,114.9,104.65,50.5,24.4,55.3,38.5,6.3,44.6,48.0,48.3
2024-02-28,,,,,,,,,,,,,,
2024-02-29,27.69,22.47,46.03,604.0,91.41,59.28,52.57,,,,,,,
2024-03-01,19.98,16.15,48.04,698.0,94.88,66.08,37.63,24.4,55.6,44.4,7.5,39.7,42.2,
2024-03-02,29.35,23.92,58.38,1055.0,89.29,61.92,56.35,26.8,57.8,50.8,11.9,38.3,39.8,
2024-03-03,22.6,18.4,50.19,620.0,83.77,55.56,38.33,26.3,57.3,52.2,12.3,35.8,36.3,
2024-03-04,12.94,10.35,38.4,259.0,81.29,53.29,25.19,14.3,36.5,38.5,3.5,34.7,33.9,19.7
2024-03-05,13.75,10.79,36.69,271.0,83.46,57.27,23.68,15.6,40.1,36.1,3.0,34.6,35.1,19.7
2024-03-06,17.21,13.63,52.75,960.0,80.58,51.23,43.65,14.4,36.8,41.1,6.5,33.7,33.6,34.3
2024-03-07,30.31,24.54,51.56,734.0,79.27,50.19,44.31,22.5,53.1,50.6,11.3,33.6,31.5,
2024-03-08,16.58,13.13,37.52,335.0,82.35,54.56,45.67,27.8,58.6,45.8,7.9,33.5,33.8,31.3
2024-03-09,9.25,7.02,34.81,312.0,87.54,57.02,29.96,9.7,24.1,32.4,3.7,34.9,32.8,22.4
2024-03-10,27.33,22.4,43.13,790.0,95.5,66.94,37.73,15.3,38.0,36.8,6.3,36.9,36.8,29.1
2024-03-11,26.88,21.94,33.19,228.0,98.58,68.56,21.68,29.5,60.8,36.9,6.4,41.9,45.4,11.3
2024-03-12,27.65,22.56,30.29,112.0,99.1,71.17,13.53,26.7,58.1,30.6,1.8,41.0,43.3,8.3
2024-03-13,35.13,28.96,27.58,174.0,113.77,79.25,12.17,33.9,65.4,28.1,1.8,43.9,46.6,7.2
2024-03-14,21.13,17.27,28.58,242.0,112.83,78.04,19.07,27.4,58.7,26.2,2.2,47.5,49.4,8.2
2024-03-15,16.29,13.15,32.73,344.0,107.02,75.67,22.56,17.7,45.5,30.8,4.4,45.9,47.3,20.6
2024-03-16,9.69,7.71,27.92,59.0,99.75,69.54,2.62,12.6,32.4,28.1,2.1,43.8,47.4,6.8
2024-03-17,11.83,9.46,31.04,145.0,95.29,63.08,26.63,11.3,29.3,29.3,1.5,40.5,40.8,8.1
2024-03-18,13.15,10.35,27.77,113.0,99.56,67.13,8.43,12.2,30.5,27.3,1.1,40.6,40.3,3.1
2024-03-19,20.4,16.25,33.08,253.0,98.94,68.88,15.53,19.5,48.3,30.3,2.6,41.6,43.2,6.3
2024-03-20,18.98,14.73,32.85,224.0,99.6,73.73,5.94,19.9,49.7,31.6,3.0,41.0,43.3,3.5
2024-03-21,29.41,23.59,41.24,663.0,100.59,78.51,15.85,21.3,50.9,33.6,4.1,41.8,47.4,6.3
2024-03-22,24.63,19.9,38.33,595.0,98.38,67.02,19.38,30.2,61.2,41.7,9.9,42.0,47.9,
2024-03-23,12.65,10.02,33.6,234.0,94.63,60.56,10.19,16.5,41.5,32.8,4.5,40.3,39.4,10.7
2024-03-24,16.6,13.15,32.94,171.0,93.88,55.44,13.68,15.8,40.3,32.5,2.9,39.0,35.9,9.1
2024-03-25,18.88,14.08,36.13,444.0,100.13,59.54,4.07,16.0,39.3,32.7,3.6,40.2,34.8,3.5
2024-03-26,20.69,15.46,38.71,519.0,96.71,65.98,5.27,19.4,46.5,36.0,6.2,40.9,39.4,
2024-03-27,12.46,9.35,34.31,448.0,95.29,56.9,3.83,15.0,35.9,33.5,4.6,39.9,38.1,
2024-03-28,14.73,11.08,40.25,602.0,99.1,64.85,4.0,16.5,39.5,36.5,6.5,40.2,37.8,
2024-03-29,14.67,11.23,37.44,402.0,97.15,61.4,3.71,14.3,35.4,39.0,7.4,41.1,40.0,
2024-03-30,13.67,10.42,35.98,305.0,95.46,62.98,4.14,14.8,36.6,35.1,4.5,40.9,40.3,
2024-03-31,9.88,7.44,32.17,194.0,96.1,59.4,2.0,9.9,24.4,31.8,2.3,40.1,37.9,1.4
2024-04-01,12.67,9.54,38.56,480.0,94.77,62.75,4.78,12.3,30.1,33.3,3.8,39.4,37.7,
2024-04-02,13.56,10.1,38.35,414.0,95.1,66.75,4.67,12.1,29.0,37.8,6.0,39.1,39.3,
2024-04-03,16.27,12.63,36.98,365.0,95.6,63.96,4.81,17.2,42.6,37.4,5.5,40.1,42.3,
2024-04-04,14.33,10.94,34.25,322.0,102.46,71.96,25.19,12.5,30.7,32.5,3.3,41.0,42.0,4.0
2024-04-05,22.1,17.06,32.75,369.0,95.88,59.25,5.33,19.9,48.0,34.1,4.9,42.3,43.0,
2024-04-06,17.38,13.48,29.13,175.0,93.9,52.56,4.56,19.7,48.5,28.8,3.3,38.8,32.8,1.0
2024-04-07,29.19,22.31,29.29,183.0,97.02,53.96,3.5,18.2,44.3,27.8,2.0,39.6,33.0,0.9
2024-04-08,12.71,10.08,29.94,230.0,99.21,57.6,4.07,25.8,55.1,29.2,2.9,41.0,35.4,1.4
2024-04-09,20.77,16.21,31.42,264.0,97.44,60.79,2.88,15.0,37.5,28.5,2.2,41.3,37.4,1.3
2024-04-10,19.4,15.31,,250.0,90.35,52.71,4.14,24.6,54.8,31.2,3.3,39.3,35.0,
2024-04-11,9.15,6.96,,194.0,86.5,49.0,2.2,11.3,28.0,30.6,2.7,35.8,31.0,0.4
2024-04-12,19.19,15.0,31.33,269.0,92.75,53.29,3.25,14.8,37.4,29.4,2.9,37.6,32.1,0.4
2024-04-13,11.56,9.02,30.58,241.0,92.29,56.79,2.6,14.6,36.4,29.8,3.0,39.0,35.0,0.0
2024-04-14,16.92,13.46,32.13,353.0,97.44,57.46,3.14,14.3,36.2,31.5,4.5,39.3,35.4,0.0
2024-04-15,23.52,19.0,32.58,363.0,101.13,61.31,4.47,21.5,51.8,30.9,4.7,42.1,38.5,
2024-04-16,16.31,12.94,29.17,201.0,93.31,50.71,3.76,18.5,46.5,29.4,2.7,40.6,34.9,1.8
2024-04-17,20.29,15.75,32.02,279.0,94.08,52.44,3.33,18.5,46.1,28.6,3.0,38.4,30.5,1.5
2024-04-18,14.96,12.38,34.65,428.0,98.73,65.88,3.64,17.7,45.8,31.4,3.8,40.5,38.3,
2024-04-19,16.21,14.4,30.88,291.0,101.29,59.83,3.35,15.8,43.6,33.0,5.3,40.7,37.8,2.0
2024-04-20,19.5,16.42,33.81,446.0,105.29,68.1,3.15,17.1,47.7,31.1,4.8,43.3,40.0,2.0
2024-04-21,27.85,23.69,30.67,323.0,107.98,71.48,3.68,24.0,56.0,30.6,4.5,45.1,45.3,2.0
2024-04-22,22.33,18.9,36.58,475.0,98.77,60.63,4.77,26.4,58.5,32.7,5.5,42.6,40.3,2.0
2024-04-23,18.0,15.35,43.08,736.0,95.31,63.4,2.71,19.2,50.7,36.3,6.0,40.3,39.3,
2024-04-24,31.13,26.29,44.35,736.0,96.79,61.27,6.6,23.4,55.4,45.0,11.2,39.4,37.0,
2024-04-25,28.54,24.75,39.54,540.0,96.6,64.17,4.25,32.6,65.3,39.3,7.1,40.8,41.2,
2024-04-26,18.98,17.83,33.67,348.0,98.08,62.98,3.91,21.2,54.0,35.2,5.6,40.0,37.6,
2024-04-27,17.79,15.29,34.0,395.0,102.69,72.06,3.88,18.1,51.4,32.0,4.5,41.8,42.1,
2024-04-28,34.23,29.02,33.73,389.0,106.35,74.38,3.5,29.5,61.8,34.2,5.8,44.5,48.9,
2024-04-29,25.0,20.98,34.23,404.0,101.71,67.75,3.05,27.8,59.9,31.1,4.1,43.5,43.6,2.0
2024-04-30,34.5,29.0,36.94,549.0,104.63,73.33,5.46,28.5,60.8,34.4,5.9,42.6,43.9,
2024-05-01,27.6,27.6,32.83,330.0,99.81,64.67,4.43,35.1,67.0,33.5,5.5,42.8,43.0,
2024-05-02,23.17,23.17,36.63,425.0,92.75,58.63,4.5,31.6,63.5,33.1,4.6,40.3,38.7,
2024-05-03,23.1,23.1,35.38,378.0,87.1,56.81,2.62,24.0,55.4,34.2,4.7,37.4,35.7,
2024-05-04,17.56,17.56,31.38,197.0,88.83,54.79,1.43,26.9,58.8,32.8,4.0,36.2,34.9,0.0
2024-05-05,21.67,21.67,34.31,386.0,91.46,54.44,3.38,22.1,53.7,31.0,3.1,37.2,33.4,0.3
2024-05-06,19.04,19.04,33.0,313.0,92.44,54.0,2.64,24.8,56.5,33.0,5.2,38.8,34.3,1.0
2024-05-07,17.44,17.44,32.58,237.0,87.88,52.63,3.75,26.5,58.2,31.4,3.3,37.8,32.5,1.0
2024-05-08,21.65,21.65,31.44,376.0,94.02,58.94,3.69,19.0,48.8,31.6,3.8,38.0,36.2,2.0
2024-05-09,46.73,46.73,34.23,605.0,102.48,61.25,3.31,40.2,72.8,30.8,5.9,39.8,35.7,
2024-05-10,40.79,40.79,35.1,463.0,97.63,57.92,3.09,52.4,88.5,33.7,7.0,42.5,39.0,
2024-05-11,35.71,35.71,33.1,367.0,102.81,59.67,4.0,45.4,78.2,32.6,5.3,41.9,36.5,
2024-05-12,36.54,36.54,33.48,357.0,97.69,57.92,3.67,41.0,73.8,32.0,4.2,41.9,36.6,
2024-05-13,34.42,34.42,35.46,436.0,93.4,52.44,3.65,43.3,75.9,33.6,5.2,39.3,34.4,
2024-05-14,31.38,31.38,33.88,386.0,96.23,54.5,4.07,37.8,70.5,33.2,5.0,39.5,32.6,
2024-05-15,40.04,40.04,38.13,588.0,92.15,53.81,5.5,42.7,75.1,34.4,5.9,39.1,34.3,
2024-05-16,29.9,29.9,36.06,417.0,89.0,47.77,3.78,44.1,76.3,35.8,6.3,37.8,31.1,
2024-05-17,30.69,30.69,37.65,600.0,101.46,58.21,3.18,34.5,67.0,34.8,5.8,38.8,32.2,
2024-05-18,31.31,31.31,35.63,451.0,104.96,66.9,3.0,42.1,75.2,37.2,7.9,43.8,41.3,
2024-05-19,18.35,18.35,27.98,177.0,101.54,60.73,3.08,27.0,58.8,29.6,3.5,42.8,39.7,1.0
2024-05-20,29.03,29.03,30.83,419.0,109.97,72.88,3.44,23.6,55.4,26.4,2.4,43.0,37.0,1.0
2024-05-21,31.56,31.56,31.33,406.0,110.71,75.21,3.05,36.1,68.6,30.7,5.2,45.8,47.2,
2024-05-22,34.0,34.0,28.46,341.0,114.63,75.06,4.4,35.5,67.8,28.3,4.3,46.9,46.2,3.0
2024-05-23,37.54,37.54,27.92,258.0,111.38,71.69,3.63,44.0,76.3,27.7,3.9,47.0,47.1,2.4
2024-05-24,41.29,41.29,31.33,392.0,107.56,66.5,3.13,47.0,80.0,27.6,3.7,46.4,43.9,0.9
2024-05-25,33.48,33.48,36.88,567.0,103.46,59.81,5.0,47.7,81.0,33.5,6.5,44.0,39.5,
2024-05-26,23.13,23.13,32.29,277.0,94.25,48.44,4.5,32.3,64.4,32.9,4.9,41.0,33.1,1.0
2024-05-27,33.13,33.13,31.67,416.0,102.19,53.88,4.33,32.8,65.3,32.0,4.8,39.8,30.3,0.3
2024-05-28,37.21,37.21,29.1,462.0,113.02,66.04,4.6,41.3,73.8,28.1,5.0,45.1,37.1,2.5
2024-05-29,45.52,45.52,32.4,541.0,109.06,69.13,2.25,51.6,87.0,29.9,6.5,46.4,42.7,
2024-05-30,33.52,33.52,34.13,483.0,101.38,64.33,3.16,47.4,80.8,32.0,6.6,44.3,43.0,
2024-05-31,34.54,34.54,31.38,418.0,93.75,51.92,4.0,42.3,74.3,31.9,5.5,41.0,36.7,
2024-06-01,39.96,33.04,31.98,314.0,90.69,49.4,4.22,37.7,69.8,29.7,4.6,37.4,29.1,0.0
2024-06-02,26.21,21.17,32.88,263.0,128.15,108.39,3.67,31.6,63.1,31.4,3.3,44.5,45.1,0.5
2024-06-03,15.94,13.1,33.54,316.0,124.46,111.04,3.5,22.3,52.3,31.9,3.5,53.2,62.2,0.0
2024-06-04,23.1,18.69,36.98,535.0,129.17,102.92,4.0,18.9,48.0,33.3,4.9,53.0,61.8,0.0
2024-06-05,22.21,18.25,34.96,407.0,127.75,106.53,6.2,23.4,54.6,35.0,6.0,53.4,36.0,0.0
2024-06-06,23.94,19.88,35.63,403.0,131.04,110.58,6.25,23.5,55.1,33.5,5.0,53.9,0.0,0.0
2024-06-07,29.94,24.81,33.48,411.0,121.77,98.54,3.43,27.0,58.5,34.8,5.7,54.2,25.7,0.0
2024-06-08,39.73,33.44,31.94,410.0,118.04,78.46,3.21,37.4,69.7,31.0,5.0,50.3,53.0,0.0
2024-06-09,25.71,21.38,31.83,289.0,104.15,60.31,6.11,30.1,62.1,30.3,4.2,46.4,43.6,0.2
2024-06-10,23.65,19.77,32.54,326.0,101.35,53.15,3.73,24.2,55.8,31.0,3.9,42.6,34.0,1.2
2024-06-11,26.96,22.35,30.88,262.0,99.02,49.96,3.94,25.7,57.3,30.3,3.7,41.5,32.6,1.7
2024-06-12,30.65,25.96,32.44,542.0,95.48,50.29,3.7,25.8,57.6,29.2,3.7,40.8,31.5,1.1
2024-06-13,29.08,25.04,34.19,564.0,92.94,50.29,3.38,31.8,64.6,32.7,7.6,38.6,30.2,0.0
2024-06-14,48.63,41.35,33.21,471.0,96.85,56.33,3.13,37.3,70.3,32.4,6.5,39.4,33.4,0.0
2024-06-15,54.35,45.77,33.94,471.0,92.0,57.9,4.85,54.0,92.3,33.0,6.7,40.0,36.7,0.0
2024-06-16,43.06,36.15,34.0,402.0,84.23,48.63,3.42,47.2,80.6,32.6,5.4,36.8,34.4,0.0
2024-06-17,31.29,26.31,30.44,167.0,79.13,38.15,1.5,34.6,66.9,31.0,3.9,33.8,26.4,0.3
2024-06-18,30.96,26.0,32.77,303.0,76.83,37.06,7.2,30.1,62.4,29.7,2.4,32.7,23.2,0.2
2024-06-19,28.52,23.77,33.67,375.0,73.81,35.9,5.83,32.5,64.6,32.7,4.9,30.8,21.7,0.3
2024-06-20,31.56,26.63,33.54,333.0,71.69,33.48,4.18,32.5,64.6,32.7,4.9,30.8,21.7,0.3
2024-06-21,25.96,21.42,30.71,341.0,82.5,41.94,3.64,26.1,57.8,30.9,3.6,31.1,22.3,1.0
2024-06-22,24.63,20.54,29.23,252.0,84.02,49.54,2.75,27.6,59.5,28.9,3.9,35.5,29.8,1.0
2024-06-23,25.04,21.02,30.27,266.0,80.1,46.06,3.5,24.9,56.8,28.7,3.2,34.5,30.5,1.0
2024-06-24,19.35,15.98,33.92,402.0,75.27,41.52,2.43,19.7,51.0,30.2,3.4,32.3,26.9,0.3
2024-06-25,27.27,22.71,39.46,666.0,71.35,40.5,2.33,24.2,55.9,33.8,5.3,30.7,25.6,0.6
2024-06-26,28.88,24.58,36.21,351.0,72.6,37.27,3.5,26.3,58.0,39.4,8.3,29.3,24.3,0.0
2024-06-27,36.44,30.56,34.73,363.0,72.48,37.38,3.29,30.7,63.2,32.6,3.4,30.4,23.0,0.9
2024-06-28,32.85,27.68,31.95,317.0,81.93,42.51,3.23,33.1,60.2,27.9,4.3,26.0,19.9,0.0
2024-06-29,19.77,16.4,29.23,286.0,90.56,49.65,4.33,23.6,55.3,28.1,3.2,37.5,30.0,0.8
2024-06-30,21.46,17.83,31.13,294.0,81.81,46.02,4.17,22.2,53.7,29.8,4.3,36.0,30.6,0.5
2024-07-01,22.77,19.02,0.0,325.0,83.42,45.31,2.73,19.7,50.5,29.3,3.3,34.4,27.6,1.0
2024-07-02,30.0,24.98,0.0,494.0,80.65,45.5,4.38,28.6,60.3,32.0,5.1,34.1,28.2,1.0
2024-07-03,19.54,16.19,33.38,309.0,74.42,42.33,3.92,23.0,54.5,32.6,4.8,32.7,27.8,1.0
2024-07-04,13.6,11.56,37.85,578.0,73.0,39.35,5.15,16.9,45.3,33.2,4.8,30.5,25.3,1.3
2024-07-05,21.56,18.42,32.48,433.0,77.21,39.85,3.41,17.3,45.5,36.7,7.6,30.9,25.3,0.0
2024-07-06,32.19,27.52,31.46,448.0,82.94,41.67,6.8,29.1,61.8,29.5,5.1,33.6,25.0,1.7
2024-07-07,31.29,26.71,29.44,301.0,84.13,44.29,2.83,28.0,60.6,28.6,3.9,34.3,26.8,0.4
2024-07-08,43.85,37.38,33.88,469.0,79.81,44.31,2.6,43.6,77.2,30.8,5.3,35.0,28.0,0.3
2024-07-09,35.27,29.96,25.31,405.0,103.38,49.06,3.5,32.5,65.3,28.1,4.4,35.9,27.6,0.4
2024-07-10,58.13,48.69,37.13,670.0,90.69,55.0,3.75,13.2,24.1,8.3,1.9,14.9,10.8,0.3
2024-07-11,13.1,10.81,26.29,222.0,90.65,41.42,2.25,,,,,,,
2024-07-12,29.0,24.27,27.48,396.0,93.42,49.69,4.8,20.2,49.1,23.8,3.5,34.4,25.5,1.0
2024-07-13,30.17,24.9,28.46,301.0,85.85,45.17,3.88,33.0,65.0,27.3,4.7,37.5,30.5,1.0
2024-07-14,20.56,17.29,26.65,234.0,84.44,39.27,5.0,22.5,53.8,26.3,3.3,35.8,26.4,0.3
2024-07-15,22.04,18.38,29.04,290.0,80.44,37.83,2.33,22.8,54.5,26.8,3.7,34.6,24.0,0.5
2024-07-16,27.06,22.5,28.73,358.0,85.23,43.19,1.5,22.9,54.5,27.3,3.3,33.5,23.7,0.0
2024-07-17,36.46,28.88,26.31,352.0,100.69,45.23,3.67,29.3,60.8,26.9,4.6,38.9,28.9,0.2
2024-07-18,43.83,33.79,27.31,534.0,106.79,57.69,4.0,42.1,71.2,25.8,5.7,42.9,29.6,1.2
2024-07-19,25.81,17.75,25.58,238.0,93.33,48.73,4.1,36.0,64.3,25.1,4.7,42.8,36.0,1.0
2024-07-20,32.63,25.02,28.83,373.0,88.33,44.96,3.0,31.9,60.4,27.2,4.6,38.0,29.3,1.0
2024-07-21,26.25,19.85,0.0,220.0,83.85,40.15,3.0,27.5,56.8,25.8,3.3,35.9,26.8,0.1
2024-07-22,26.33,20.27,26.67,296.0,88.63,43.71,4.38,23.3,52.3,24.5,2.5,35.5,24.9,0.2
2024-07-23,31.46,23.6,28.17,238.0,80.88,39.92,3.33,33.8,62.6,26.6,3.8,36.0,27.1,1.0
2024-07-24,24.54,19.0,29.17,238.0,73.0,37.17,3.2,23.7,53.2,27.6,3.0,32.1,24.1,0.8
2024-07-25,26.21,20.88,32.1,429.0,72.4,36.46,3.25,25.7,55.8,29.6,4.0,30.0,23.0,0.0
2024-07-26,24.38,19.27,28.31,314.0,86.13,43.63,2.38,25.2,55.6,29.0,4.3,32.0,23.6,0.3
2024-07-27,29.73,23.02,29.15,295.0,83.48,45.38,4.0,28.3,58.7,27.7,4.2,36.6,29.3,0.8
2024-07-28,26.98,20.56,28.23,181.0,77.81,39.73,2.38,29.0,58.6,27.6,3.2,33.6,26.6,0.9
2024-07-29,23.04,17.65,30.17,327.0,81.46,41.94,1.57,23.1,52.3,27.5,2.5,33.1,25.1,0.0
2024-07-30,21.23,15.81,30.56,270.0,75.65,37.38,3.5,22.2,52.0,29.1,3.9,33.0,25.0,0.5
2024-07-31,18.77,14.06,30.79,193.0,69.15,32.58,2.0,22.1,51.1,29.9,3.2,29.9,21.9,0.8
2024-08-01,18.56,14.06,30.63,261.0,69.56,31.23,4.43,15.3,37.1,29.0,2.5,29.1,20.0,0.7
2024-08-02,17.94,13.97,31.42,297.0,67.42,31.84,7.0,13.4,32.8,20.2,2.0,19.1,12.9,0.3
2024-08-03,,,,,,,,,,,,,,
2024-08-04,,,,,,,,,,,,,,
2024-08-05,,,,,,,,,,,,,,
2024-08-06,26.34,20.03,28.14,406.0,21.62,98.24,,,,,,,,
2024-08-07,25.38,18.19,27.88,230.0,15.52,90.23,,24.5,49.3,23.5,3.3,6.4,48.0,
2024-08-08,23.17,17.56,30.31,368.0,13.38,90.31,6.5,24.0,53.3,27.9,3.8,6.0,54.8,
2024-08-09,21.98,16.58,28.52,313.0,21.23,113.13,3.5,20.5,48.8,28.6,4.3,6.3,56.9,
2024-08-10,25.38,18.73,28.02,242.0,21.5,117.98,4.56,25.8,54.7,27.0,3.8,9.6,67.4,
2024-08-11,27.13,20.73,27.54,276.0,18.94,107.29,3.25,22.3,50.4,26.3,2.6,8.5,63.4,
2024-08-12,26.44,19.81,27.83,264.0,19.33,105.1,4.2,28.8,58.4,27.0,3.5,8.0,60.5,
2024-08-13,36.25,28.31,30.77,383.0,18.83,108.94,2.92,32.2,61.2,28.3,4.4,8.0,60.8,
2024-08-14,28.6,22.63,29.6,268.0,16.15,111.98,5.15,32.6,62.7,29.1,4.1,7.3,62.8,
2024-08-15,21.19,15.94,28.83,179.0,15.35,102.38,3.22,25.7,55.5,28.2,2.5,6.9,61.8,0.1
2024-08-16,20.92,15.73,27.67,217.0,21.69,109.69,4.0,20.7,49.4,27.5,2.0,7.3,59.6,1.0
2024-08-17,24.67,18.94,27.73,159.0,21.58,108.92,5.0,21.9,51.3,26.6,2.3,9.4,63.0,0.5
2024-08-18,17.04,12.77,27.69,87.0,17.29,97.17,,22.5,51.5,27.0,1.8,8.1,60.0,0.9
2024-08-19,19.94,14.52,31.08,296.0,16.04,94.4,3.8,16.5,39.5,28.4,1.9,7.0,56.2,0.1
2024-08-20,21.5,16.13,28.98,193.0,14.77,93.92,5.29,20.5,47.9,28.5,2.3,6.1,55.4,0.4
2024-08-21,26.18,20.32,28.93,164.0,13.04,90.25,,13.5,30.8,16.3,1.2,3.5,32.7,0.6
2024-08-22,,,,,,,,,,,,,,
2024-08-23,20.03,15.0,41.62,152.0,114.24,184.55,,,,,,,,
2024-08-24,13.69,10.1,42.13,141.0,108.94,179.6,3.64,14.8,35.8,35.0,1.7,40.5,81.0,0.1
2024-08-25,22.19,17.54,42.77,135.0,108.23,182.08,3.44,18.5,45.8,41.0,1.4,45.0,91.8,1.5
2024-08-26,20.88,16.13,43.17,202.0,108.13,183.02,2.8,20.2,49.4,41.4,2.3,45.0,92.7,0.8
2024-08-27,17.79,12.9,42.38,140.0,106.25,181.92,3.07,19.2,45.3,41.0,1.8,44.8,92.9,0.7
2024-08-28,19.75,15.4,43.02,127.0,107.31,180.15,3.33,18.7,45.6,41.1,2.0,44.9,92.0,1.0
2024-08-29,15.79,11.56,42.0,137.0,103.08,179.4,4.0,17.8,43.4,40.7,1.6,43.6,91.1,1.0
2024-08-30,18.52,14.23,41.19,139.0,110.15,184.71,3.57,18.6,46.0,40.5,2.0,44.0,92.5,1.0
2024-08-31,15.02,11.29,40.25,113.0,110.29,186.85,2.55,16.0,38.9,38.7,1.2,46.2,94.6,0.6
2024-09-01,16.77,12.9,40.98,143.0,111.92,186.63,2.43,14.5,35.4,38.6,1.0,46.1,94.0,0.3
2024-09-02,26.65,21.33,44.33,275.0,108.9,189.63,5.0,25.8,56.3,42.0,3.4,46.6,95.6,0.5
2024-09-03,15.35,11.77,43.0,163.0,107.58,186.1,3.43,18.2,43.7,41.4,2.3,44.9,94.7,0.3
2024-09-04,15.67,11.79,42.56,113.0,104.23,183.21,1.67,16.0,39.6,41.1,1.9,44.4,93.8,0.3
2024-09-05,14.56,10.69,43.63,208.0,102.94,180.02,2.0,12.8,29.8,41.6,1.7,42.7,92.3,0.0
2024-09-06,17.56,13.73,42.69,153.0,102.79,179.65,3.29,18.5,45.3,41.5,2.0,43.0,91.3,0.0
2024-09-07,24.5,19.13,44.92,244.0,108.54,183.67,3.18,21.7,51.7,42.0,2.8,44.0,92.3,1.0
2024-09-08,19.02,14.48,42.77,98.0,101.77,179.52,2.75,20.9,50.0,42.4,2.2,44.4,92.8,0.3
2024-09-09,29.5,23.67,45.85,268.0,96.63,175.08,4.33,20.5,49.7,42.2,2.0,40.8,90.4,0.3
2024-09-10,26.1,20.63,45.31,240.0,97.46,174.58,3.08,30.9,61.6,44.0,3.0,40.2,89.2,1.0
2024-09-11,16.42,12.77,45.4,226.0,97.65,174.56,1.8,20.7,49.5,43.1,2.9,40.5,89.6,0.8
2024-09-12,22.56,17.6,44.75,234.0,98.33,177.73,4.11,21.1,51.4,44.0,3.0,41.0,90.2,0.2
2024-09-13,19.27,14.38,41.25,161.0,101.94,172.45,2.71,21.7,50.2,41.6,2.6,41.7,89.8,0.9
2024-09-14,18.0,13.67,58.79,178.0,25.77,129.38,,17.3,41.9,45.0,2.0,30.3,81.7,0.0
2024-09-15,17.92,13.65,63.4,145.0,3.79,114.21,6.64,19.3,47.6,54.5,2.3,2.9,64.9,
2024-09-16,15.58,11.81,63.56,108.0,3.65,112.5,1.67,13.6,31.9,54.0,1.2,2.0,63.9,0.6
2024-09-17,25.27,19.33,67.88,295.0,3.65,114.38,4.4,20.0,48.9,55.5,2.6,2.0,63.8,0.0
2024-09-18,19.63,14.88,67.85,221.0,3.31,112.48,2.83,23.3,52.8,56.0,3.2,1.0,64.0,0.7
2024-09-19,22.4,17.67,69.15,284.0,3.15,112.25,4.29,23.6,53.6,56.7,3.7,1.0,63.9,0.8
2024-09-20,22.96,18.33,68.1,255.0,3.4,109.44,2.38,21.4,51.8,56.8,3.7,1.0,62.7,1.0
2024-09-21,30.73,24.44,68.42,273.0,2.79,108.15,5.0,25.3,55.9,56.0,3.0,1.0,61.5,0.8
2024-09-22,35.89,29.15,66.19,219.0,2.74,107.49,2.5,32.3,61.7,53.7,2.9,1.0,59.2,0.9
2024-09-23,29.85,23.96,67.79,321.0,2.08,104.73,4.89,33.7,64.8,55.4,3.0,1.0,61.0,0.7
2024-09-24,35.4,28.58,72.88,489.0,2.33,108.81,3.5,31.8,62.8,57.4,5.7,1.0,60.8,0.4
2024-09-25,30.29,23.71,69.88,324.0,2.9,108.73,3.91,33.1,63.5,57.8,5.0,1.0,61.5,
2024-09-26,33.27,26.19,74.48,520.0,3.85,118.27,4.3,30.7,60.9,57.4,4.9,1.6,65.0,0.6
2024-09-27,22.96,17.46,71.75,339.0,2.83,111.27,4.4,27.8,57.3,58.7,5.3,1.3,64.1,0.3
2024-09-28,28.17,21.73,68.92,308.0,3.02,111.85,5.0,24.0,53.0,58.0,4.0,1.0,63.0,2.0
2024-09-29,24.0,18.5,66.38,173.0,3.19,110.77,4.25,25.0,54.0,58.0,4.0,1.0,63.0,2.0
2024-09-30,20.42,15.84,67.77,316.0,7.58,124.77,2.5,,,,,,,
2024-10-01,15.35,11.56,65.67,275.0,30.08,185.88,3.4,16.1,40.0,51.0,3.0,6.6,22.9,0.7
2024-10-02,18.06,13.23,67.58,212.0,9.6,165.87,3.64,17.0,40.4,55.5,2.8,9.8,18.0,0.4
2024-10-03,18.76,16.35,59.22,337.0,70.07,84.49,3.79,17.2,43.7,53.3,3.3,9.7,69.0,0.5
2024-10-04,19.23,16.94,36.15,315.0,114.67,30.77,3.17,20.1,52.6,45.7,4.2,44.5,27.8,0.6
2024-10-05,23.92,20.94,23.04,238.0,114.31,32.1,,21.8,54.5,25.2,3.3,47.4,18.5,0.0
2024-10-06,20.79,19.06,21.23,186.0,146.46,78.0,,21.8,54.4,21.3,2.8,53.5,30.6,0.0
2024-10-07,17.38,15.52,23.88,301.0,152.06,85.46,,19.1,52.6,21.7,3.1,63.5,51.6,0.0
2024-10-08,13.92,12.31,23.4,316.0,150.21,80.27,,14.9,42.0,22.3,3.4,63.6,51.3,0.0
2024-10-09,14.04,12.71,22.36,243.0,129.21,54.71,,8.3,24.2,13.3,1.8,36.5,29.0,0.0
2024-10-10,16.62,14.05,23.38,207.0,106.24,32.43,,,,,,,,
2024-10-11,24.06,20.81,21.19,100.0,108.35,30.97,4.11,,,,,,,
2024-10-12,27.0,23.46,23.35,112.0,145.27,86.67,6.0,25.9,56.0,19.9,0.8,47.5,30.5,0.2
2024-10-13,23.46,20.23,21.88,24.0,148.81,91.38,3.0,23.7,56.2,21.3,0.3,62.3,54.7,
2024-10-14,17.46,15.48,23.92,113.0,150.46,92.81,5.0,20.5,52.8,22.0,0.3,63.2,55.2,
2024-10-15,18.56,16.27,22.71,150.0,149.38,86.63,5.11,16.1,46.1,22.5,0.5,62.6,54.0,
2024-10-16,16.46,14.25,21.02,15.0,140.85,86.06,4.4,20.1,52.3,20.9,0.8,60.7,52.5,
2024-10-17,17.25,14.54,21.48,20.0,139.21,87.94,5.11,15.8,44.1,20.3,0.0,58.9,53.3,
2024-10-18,16.62,14.81,20.79,7.0,121.26,43.45,3.0,17.2,46.7,19.5,0.0,53.5,44.2,
2024-10-19,26.54,23.4,23.29,,154.02,72.5,,21.0,53.6,21.2,0.0,56.3,31.2,
2024-10-20,34.77,30.81,25.04,,143.13,52.0,,28.9,63.0,22.8,0.0,63.2,41.0,
2024-10-21,33.56,29.85,28.21,,144.92,65.75,,42.4,77.5,27.5,0.0,59.7,33.3,
2024-10-22,26.25,22.54,25.52,,145.98,65.77,,22.0,55.0,24.3,0.0,61.5,42.6,
2024-10-23,21.02,18.42,22.71,,143.92,59.54,,25.2,57.7,23.4,0.0,60.6,38.6,
2024-10-24,15.98,14.15,22.56,,140.19,55.6,,19.5,51.9,22.0,0.0,59.7,36.0,
2024-10-25,20.04,18.08,21.6,,140.25,56.77,,17.9,49.9,21.0,0.0,59.1,36.0,
2024-10-26,15.0,12.94,23.75,,135.6,55.81,,15.5,42.9,21.8,0.0,57.3,34.1,
2024-10-27,16.71,14.46,21.42,,137.94,59.58,,16.9,47.6,21.9,0.0,57.8,36.8,
2024-10-28,16.49,14.36,23.89,,121.53,40.51,,16.0,46.0,20.0,0.0,58.0,37.0,
2024-10-29,18.52,15.92,20.65,,72.6,49.74,,16.0,45.0,20.0,0.0,58.0,37.0,0.0
2024-10-30,17.4,15.02,23.25,44.0,38.06,83.21,,19.6,51.7,20.2,0.0,22.3,55.3,0.0
2024-10-31,17.96,15.33,28.23,228.0,14.15,32.04,,16.6,45.7,25.0,0.9,8.8,26.8,0.0
2024-11-01,25.81,22.47,43.86,524.0,31.05,73.26,,17.7,47.1,29.2,3.3,6.4,21.5,0.0
2024-11-02,27.13,24.02,54.4,444.0,63.83,158.21,,32.5,66.2,50.5,8.0,22.7,43.8,0.0
2024-11-03,25.65,22.98,50.67,269.0,63.5,160.71,,24.5,57.8,49.6,4.0,26.9,0.0,0.0
2024-11-04,19.6,17.27,52.15,375.0,63.94,157.7,,23.8,57.0,48.7,3.0,26.3,0.0,0.0
2024-11-05,22.48,19.24,44.37,315.0,76.28,146.76,1.0,19.0,49.9,47.0,5.2,27.2,13.2,0.0
2024-11-06,26.02,22.42,32.15,225.0,68.75,104.65,,22.4,54.6,33.5,2.5,31.3,67.6,0.0
2024-11-07,29.92,26.31,33.02,214.0,63.46,106.81,,33.7,67.6,32.0,3.5,28.4,61.8,0.0
2024-11-08,21.65,18.75,30.67,254.0,64.4,99.67,,20.6,53.1,30.4,2.0,25.7,58.5,0.0
2024-11-09,22.46,19.69,31.5,299.0,64.79,101.42,,23.6,56.1,29.3,2.5,27.0,59.0,0.0
2024-11-10,14.4,13.44,29.31,273.0,61.31,94.17,,15.2,45.1,28.9,2.3,26.7,56.8,0.0
2024-11-11,29.23,25.1,30.75,158.0,62.44,94.77,,23.8,55.9,29.5,2.1,26.0,56.8,0.0
2024-11-12,37.1,32.08,31.44,212.0,60.81,94.17,,31.7,64.9,29.9,2.0,25.1,54.8,0.0
2024-11-13,61.23,50.82,34.73,297.0,42.66,97.82,,42.3,73.8,28.5,2.5,20.9,52.7,0.0
2024-11-14,66.7,56.68,34.28,172.0,8.11,83.0,7.0,59.4,102.5,32.9,3.2,3.5,49.2,0.0
2024-11-15,52.4,44.5,36.06,285.0,72.6,116.71,1.0,49.5,85.1,26.6,2.1,5.8,18.2,0.0
2024-11-16,50.5,43.44,1.0,27.0,74.13,127.23,,52.0,88.6,2.5,0.3,28.7,66.8,0.0
2024-11-17,38.25,32.58,9.67,,73.44,113.9,9.0,47.6,81.6,0.0,0.0,31.0,65.5,
2024-11-18,28.54,24.92,14.23,,74.21,131.54,2.0,31.8,65.1,0.0,0.0,31.0,67.1,
2024-11-19,24.83,21.54,2.0,66.0,79.6,181.47,,24.9,57.5,0.0,0.0,31.8,48.0,0.0
2024-11-20,19.85,17.25,9.67,6.0,75.73,153.22,,22.7,55.3,0.0,0.0,32.8,6.8,0.0
2024-11-21,24.88,21.6,14.23,30.0,58.0,,2.0,21.4,53.7,6.6,0.0,27.5,3.4,0.0
2024-11-22,25.59,22.48,20.26,101.0,36.07,,7.0,25.1,56.9,15.6,0.0,21.6,0.0,
2024-11-23,27.04,23.75,20.29,8.0,1.17,,,24.5,57.7,21.3,0.0,4.6,0.0,
2024-11-24,31.21,27.27,19.1,22.0,1.04,,3.0,29.9,63.1,17.5,0.0,0.0,0.0,
2024-11-25,34.52,30.48,24.35,181.0,1.12,,6.0,34.0,68.4,22.0,0.0,0.0,0.0,
2024-11-26,18.15,15.73,18.79,,1.0,,,23.5,55.8,19.9,0.0,0.0,0.0,0.0
2024-11-27,28.83,25.15,20.29,,1.0,,,26.3,59.2,20.0,0.0,0.0,0.0,0.0
2024-11-28,5.5,5.27,15.54,,1.0,,,28.0,61.0,19.0,0.0,0.0,0.0,0.0
2024-11-29,12.96,11.31,20.19,35.0,1.0,,,26.0,59.0,19.0,0.0,0.0,0.0,0.0
2024-11-30,9.25,8.21,19.31,3.0,1.0,,,12.4,35.4,18.3,0.0,0.0,0.0,0.0
2024-12-01,16.77,14.98,24.44,5.0,2.56,,,12.0,34.6,21.6,0.0,0.3,,0.0
2024-12-02,16.51,14.43,21.57,28.0,3.04,,,16.8,47.5,21.7,0.0,1.0,,0.0
2024-12-03,10.72,9.38,18.44,,3.34,,,11.8,33.0,15.8,0.0,0.8,,0.0
2024-12-04,24.42,21.06,19.1,,1.0,,,,,,,,,
2024-12-05,23.67,20.04,23.21,108.0,1.32,,9.0,22.8,52.0,17.5,0.0,0.0,,0.0
2024-12-06,19.69,17.58,22.19,14.0,2.71,,,23.2,56.3,24.6,0.0,0.6,,0.0
2024-12-07,17.83,16.1,18.77,11.0,2.59,,,17.3,49.3,17.8,0.0,1.0,,0.0
2024-12-08,19.81,17.36,18.4,,1.05,,,18.6,50.2,17.9,0.0,0.3,,0.0
2024-12-09,10.81,9.33,20.05,67.0,1.0,,8.85,7.1,19.4,7.0,0.0,0.0,,0.0
2024-12-10,,,,,,,,,,,,,,
2024-12-11,,,,,,,,,,,,,,
2024-12-12,,,,,,,,,,,,,,
2024-12-13,,,,,,,,,,,,,,
2024-12-14,,,,,,,,,,,,,,
2024-12-15,,,,,,,,,,,,,,
2024-12-16,,,,,,,,,,,,,,
2024-12-17,,,,,,,,,,,,,,
2024-12-18,,,,,,,,,,,,,,
2024-12-19,,,,,,,,,,,,,,
2024-12-20,,,,,,,,,,,,,,
2024-12-21,,,,,,,,,,,,,,
2024-12-22,,,,,,,,,,,,,,
2024-12-23,,,,,,,,,,,,,,
2024-12-24,,,,,,,,,,,,,,
2024-12-25,,,,,,,,,,,,,,
2024-12-26,,,,,,,,,,,,,,
2024-12-27,,,,,,,,,,,,,,
2024-12-28,,,,,,,,,,,,,,
2024-12-29,,,,,,,,,,,,,,
2024-12-30,,,,,,,,,,,,,,
2024-12-31,,,,,,,,,,,,,,
